,α_STA,α_VOL,β_STA,β_VOL,α_ACT,β_ACT,λ_STA,β_ACT,r,nll,aic,bic
0,0.0011222508057152382,0.012371315797098464,39.03991313320742,7.100066207580701,0.5515639480760857,2.452924722010029,0.9728241287880128,0.3064793849512411,1.0,53.08271716257716,124.16543432515432,1726.1654343251544
