,α_STA,α_VOL,β_STA,β_VOL,α_ACT,β_ACT,λ_STA,β_ACT,r,nll,aic,bic
0,0.39977223090400393,0.19886336783538958,2.1012397140782815,2.4269333239314697,0.0,0.0,0.9428157484344776,1.0,0.0,101.94653938656646,221.8930787731329,1823.8930787731329
