,α_STA,α_VOL,β_STA,β_VOL,α_ACT,β_ACT,λ_STA,β_ACT,r,nll,aic,bic
0,0.0,0.0483896775926685,3.975186153088517,0.0,0.0,0.0,1.0,0.0,0.0,121.527444784796,261.054889569592,1863.054889569592
