,α_STA,α_VOL,β_STA,β_VOL,α_ACT,β_ACT,λ_STA,β_ACT,r,nll,aic,bic
0,1.0,1.0,30.0,7.87196022639519,0.0,0.0,0.0,0.0,0.2594686951705122,6.940473350357354,31.88094670071471,1633.8809467007147
