,α_STA,α_VOL,β_STA,β_VOL,α_ACT,β_ACT,λ_STA,β_ACT,r,nll,aic,bic
0,0.4056576336134419,0.3339977385832234,2.1616196977304853,6.4642708755597065,0.5502255500483088,0.8479774166695175,1.0,0.6307833216090839,1.0,62.62396124709843,143.24792249419687,1745.247922494197
