,α_STA,α_VOL,β,γ_STA,γ_VOL,nll,aic,bic
0,0.0,0.0003807873504593451,10.683213337010327,3.3766642769919493,20.0,77.55571416475462,165.11142832950924,1055.1114283295092
