,α_STA,α_VOL,β,γ_STA,γ_VOL,nll,aic,bic
0,0.0,0.00010493092221709568,13.352947454986301,17.283329435529936,0.0,70.97062768489639,151.94125536979277,1041.9412553697928
