,α_STA,α_VOL,β,γ_STA,γ_VOL,nll,aic,bic
0,0.0,0.0002954605417084504,22.671845813401145,5.989412733229545,0.0,48.666045394292624,107.33209078858525,997.3320907885852
