,α_STA,α_VOL,β,γ_STA,γ_VOL,nll,aic,bic
0,0.0,0.1312080965030241,0.761967838777157,15.436992370843166,20.0,122.14126443452845,254.2825288690569,1144.282528869057
