,α_STA,α_VOL,β,γ_STA,γ_VOL,nll,aic,bic
0,0.0,0.07218654578753582,0.6052567633029323,3.6226381731907953,20.0,122.35116449755381,254.70232899510762,1144.7023289951076
