,α_STA,α_VOL,β,γ_STA,γ_VOL,nll,aic,bic
0,0.1115036023344082,0.0,0.39558448934195956,13.709572654960162,20.0,123.58048142180813,257.1609628436163,1147.1609628436163
