,α_STA,α_VOL,β,γ_STA,γ_VOL,nll,aic,bic
0,0.04999999857200493,0.019647317234187493,1.1160023863782986,20.0,20.0,115.40375085261739,240.80750170523478,1130.8075017052347
