,α_STA,α_VOL,β,γ_STA,γ_VOL,nll,aic,bic
0,1.0,0.04764233454396401,0.3436341503118413,19.48695584667655,20.0,123.78757598855945,257.57515197711894,1147.5751519771188
