,α_STA,α_VOL,β,γ_STA,γ_VOL,nll,aic,bic
0,0.0,0.008431185599834736,8.621264310778368,20.0,20.0,34.471221995787374,78.94244399157475,968.9424439915747
