,α_STA,α_VOL,β,γ_STA,γ_VOL,nll,aic,bic
0,0.0,1.0,0.10576103467424847,0.0,11.207789168827972,124.7112476689086,259.42249533781717,1149.4224953378173
