,α_STA,α_VOL,β,γ_STA,γ_VOL,nll,aic,bic
0,0.0,0.010248646064577285,2.076025595218298,0.0,20.0,113.39355753611643,236.78711507223287,1126.7871150722328
