,α_STA,α_VOL,β,γ_STA,γ_VOL,nll,aic,bic
0,0.0,0.00010653929301598149,10.219588642282174,8.184440457019358,0.0,82.36925744939467,174.73851489878933,1064.7385148987894
