,α_STA,α_VOL,β,γ_STA,γ_VOL,nll,aic,bic
0,1.0,0.0,0.4827948074587831,14.923372782446616,5.522367902645653,123.1178533644728,256.2357067289456,1146.2357067289456
