,α_STA,α_VOL,β,γ_STA,γ_VOL,nll,aic,bic
0,0.0005956433682485307,0.0013870916414047384,9.28675665298106,20.0,0.0,84.79342680078105,179.5868536015621,1069.586853601562
