,α_STA,α_VOL,β,γ_STA,γ_VOL,nll,aic,bic
0,1.0,0.0,0.06137091238806069,8.575871675680625,15.062896949578695,124.73941518999504,259.4788303799901,1149.47883037999
