,α_STA,α_VOL,β,γ_STA,γ_VOL,nll,aic,bic
0,1.0,0.3711839641144001,0.8111948315353077,0.0,1.3556222892935492,122.76576124536788,255.53152249073577,1145.5315224907358
