,α_STA,α_VOL,β,γ_STA,γ_VOL,nll,aic,bic
0,2.8140901741972692e-05,0.00011043351619515172,30.0,19.44539693625551,0.0,32.792450405113954,75.58490081022791,965.584900810228
