,α_STA,α_VOL,β,γ_STA,γ_VOL,nll,aic,bic
0,0.0,0.0,0.0,0.0,17.263702975882484,124.76649250042995,259.53298500085987,1149.53298500086
