,α_STA,α_VOL,β,γ_STA,γ_VOL,nll,aic,bic
0,0.0,0.3353510507694633,1.8841125458226227,0.0,4.673568445134118,112.46220456688488,234.92440913376976,1124.9244091337698
