,α_STA,α_VOL,β,γ_STA,γ_VOL,nll,aic,bic
0,0.2973090948210571,0.4487530661956876,1.7918989098462859,20.0,20.0,102.48865152658146,214.97730305316293,1104.9773030531628
