,α_STA,α_VOL,β,γ_STA,γ_VOL,nll,aic,bic
0,0.04178542392742496,0.12022748870208184,3.2106175141790367,20.0,20.0,74.22176056363267,158.44352112726534,1048.4435211272653
