,α_STA,α_VOL,β,γ_STA,γ_VOL,nll,aic,bic
0,0.21411451397106337,0.00011308072345783321,30.0,0.2802589029290982,20.0,33.7786901083023,77.5573802166046,967.5573802166045
