,α_STA,α_VOL,β,γ_STA,γ_VOL,nll,aic,bic
0,0.2792754917386366,6.22184934911513e-05,30.0,0.11367173403756481,20.0,28.45076752112386,66.90153504224773,956.9015350422477
