,α_STA,α_VOL,β,γ_STA,γ_VOL,nll,aic,bic
0,0.000601157716666684,1.0,1.1110219724659973,20.0,15.780987754648898,118.87283512165008,247.74567024330017,1137.7456702433
