,α_STA,α_VOL,β,γ_STA,γ_VOL,nll,aic,bic
0,0.0,1.0,0.764706549760349,14.718973593754939,0.0,122.4125297685095,254.825059537019,1144.8250595370191
