,α_STA,α_VOL,β,γ_STA,γ_VOL,nll,aic,bic
0,1.0,1.0,2.5459716375220527,0.030229725969370007,1.0244173028979457,102.72148495409304,215.4429699081861,1105.4429699081861
