,α_STA,α_VOL,β,γ_STA,γ_VOL,nll,aic,bic
0,0.0,0.0,9.028623604188638,0.0,8.38410315474167,86.22328894158008,182.44657788316016,1072.4465778831602
