,α_STA,α_VOL,β,γ_STA,γ_VOL,nll,aic,bic
0,0.0,0.37445077865470144,3.688418148501883,0.0,0.22934206382852007,113.87671138294188,237.75342276588376,1127.7534227658837
