,α_STA,α_VOL,β,γ_STA,γ_VOL,nll,aic,bic
0,0.0,0.07218652139834751,0.561011384706195,16.96248748591776,20.0,122.37053352823533,254.74106705647065,1144.7410670564707
