,α_STA,α_VOL,β,γ_STA,γ_VOL,nll,aic,bic
0,1.0,1.0,1.4032770076420018,12.367825229606018,0.6002690010486147,113.56036978619402,237.12073957238803,1127.120739572388
