,α_STA,α_VOL,β,γ_STA,γ_VOL,nll,aic,bic
0,0.11808246772405624,1.0,7.308552970859369,0.0,0.06575131194366884,95.76633912617038,201.53267825234076,1091.5326782523407
