,α_STA,α_VOL,β,γ_STA,γ_VOL,nll,aic,bic
0,0.00014762171437536435,1.0,30.0,19.99046901863518,0.019217258126734554,32.76498812496645,75.5299762499329,965.5299762499329
