,α_STA,α_VOL,β,γ_STA,γ_VOL,nll,aic,bic
0,0.0,0.00023121754104005383,17.46165603336017,20.0,20.0,57.04983648117552,124.09967296235104,1014.0996729623511
