,α_STA,α_VOL,β,γ_STA,γ_VOL,nll,aic,bic
0,1.0,0.0039438462565299995,2.3834506217343976,20.0,20.0,100.16161503457762,210.32323006915524,1100.3232300691552
