,α_STA,α_VOL,β,γ_STA,γ_VOL,nll,aic,bic
0,0.1867578147118478,0.5023801147148236,0.7872118120735465,20.0,20.0,120.3158078155194,250.6316156310388,1140.6316156310388
