,α_STA,α_VOL,β,γ_STA,γ_VOL,nll,aic,bic
0,1.0,1.0,0.6117359450816988,15.219650564502144,7.736109509066098,122.03139807218676,254.06279614437352,1144.0627961443736
