,α_STA,α_VOL,β,γ_STA,γ_VOL,nll,aic,bic
0,0.4202072391296234,0.09712595593842935,0.36698960800715713,20.0,20.0,123.7556523197455,257.51130463949096,1147.511304639491
