,α_STA,α_VOL,β,γ_STA,γ_VOL,nll,aic,bic
0,1.0,0.30267651921258437,4.168719521153506,0.0,0.44633002688110496,108.88499534460176,227.76999068920352,1117.7699906892035
