,α_STA,α_VOL,β,γ_STA,γ_VOL,nll,aic,bic
0,1.0,1.0,0.5894641556341813,0.0,0.18292924837936597,124.40525550823077,258.81051101646153,1148.8105110164615
