,α_STA,α_VOL,β,γ_STA,γ_VOL,nll,aic,bic
0,1.0,1.0,3.332211440879086,0.29973131519132634,0.09761096742164681,112.7792314311537,235.5584628623074,1125.5584628623074
