,α_STA,α_VOL,β,γ_STA,γ_VOL,nll,aic,bic
0,0.023293312623085795,1.0,0.47926014695904057,2.988816558661756,7.010400099802517,123.40211461423401,256.804229228468,1146.804229228468
