,α_STA,α_VOL,β,γ_STA,γ_VOL,nll,aic,bic
0,1.0,1.0,1.4032764011445853,1.1163245479621122,0.6002693251938662,113.56036978619596,237.12073957239193,1127.1207395723918
