,α_STA,α_VOL,β,γ_STA,γ_VOL,nll,aic,bic
0,1.0,0.0008258571942207681,21.6285252522516,0.07434563253025855,20.0,46.579375791545246,103.15875158309049,993.1587515830905
