,α_STA,α_VOL,β,γ_STA,γ_VOL,nll,aic,bic
0,0.0,1.0,3.352717504405869,14.842967011429456,0.0,97.4378719497833,204.8757438995666,1094.8757438995667
