,α_STA,α_VOL,β,γ_STA,γ_VOL,nll,aic,bic
0,0.0,1.0,0.05123308861165652,6.738228807310396,11.961884873683262,124.75490169597175,259.5098033919435,1149.5098033919435
