,α_STA,α_VOL,β,γ_STA,γ_VOL,nll,aic,bic
0,8.518285023225129e-05,0.0006385481347079916,30.0,20.0,7.857147290830617,20.797580943753847,51.59516188750769,941.5951618875077
