,α_STA,α_VOL,β,γ_STA,γ_VOL,nll,aic,bic
0,1.0,0.0,0.0,0.8488168826190854,13.681145578795576,124.76649250042995,259.53298500085987,1149.53298500086
