,α_STA,α_VOL,β,γ_STA,γ_VOL,nll,aic,bic
0,7.63371944556109e-05,0.0,13.874218574130671,15.041461930471574,20.0,66.84837161685381,143.69674323370762,1033.6967432337076
