,α_STA,α_VOL,β,γ_STA,γ_VOL,nll,aic,bic
0,0.0,1.0,0.7647048163088314,12.37179429537223,0.0,122.41252976850332,254.82505953700664,1144.8250595370066
