,α_STA,α_VOL,β,γ_STA,γ_VOL,nll,aic,bic
0,1.0,0.0,0.4040450698769795,4.363921175305592,0.0,124.11025617740779,258.2205123548156,1148.2205123548156
