,α_STA,α_VOL,β,γ_STA,γ_VOL,nll,aic,bic
0,0.0,0.9612007966564806,3.2818836361778585,0.0,0.21597974929259794,115.28898105123147,240.57796210246295,1130.577962102463
