,α_STA,α_VOL,β,γ_STA,γ_VOL,nll,aic,bic
0,0.2141209290538202,0.00011308321847411188,30.0,0.2802572301667987,20.0,33.77869011028307,77.55738022056615,967.5573802205662
