,α_STA,α_VOL,β,γ_STA,γ_VOL,nll,aic,bic
0,0.0,0.009111542507491698,0.9597734174236592,20.0,0.0,121.62367567283957,253.24735134567914,1143.2473513456791
