,α_STA,α_VOL,β,γ_STA,γ_VOL,nll,aic,bic
0,0.0,0.0003596868037699071,13.352934565154891,5.1315733127150684,0.0,70.97062768483082,151.94125536966163,1041.9412553696616
