,α_STA,α_VOL,β,γ_STA,γ_VOL,nll,aic,bic
0,0.019869972866419824,0.9710638112791274,30.0,0.12581079683510368,0.0,42.420570075861235,94.84114015172247,984.8411401517225
