,α_STA,α_VOL,β,γ_STA,γ_VOL,nll,aic,bic
0,0.0,0.00892902995123141,8.720055894498255,0.0,13.254964660021537,70.39766016440007,150.79532032880013,1040.7953203288002
