,α_STA,α_VOL,β,γ_STA,γ_VOL,nll,aic,bic
0,0.209542318623365,0.0,30.0,0.11093723259102939,0.0,19.712444622213585,49.42488924442717,939.4248892444272
