,α_STA,α_VOL,β,γ_STA,γ_VOL,nll,aic,bic
0,0.0007413843381511635,0.0036723476914773375,4.393464691786174,20.0,0.0,110.34780855350755,230.6956171070151,1120.695617107015
