,α_STA,α_VOL,β,γ_STA,γ_VOL,nll,aic,bic
0,0.0005956397689930502,0.0013870745371233238,9.286703453289308,20.0,0.0,84.79342680319844,179.5868536063969,1069.586853606397
