,α_STA,α_VOL,β,γ_STA,γ_VOL,nll,aic,bic
0,0.0,0.00023121742768346328,17.46165020525275,0.0,20.0,57.04983648119529,124.09967296239058,1014.0996729623906
