,α_STA,α_VOL,β,γ_STA,γ_VOL,nll,aic,bic
0,0.11107641255833,0.0,0.3907268471514467,14.03301765927669,20.0,123.57956608264873,257.1591321652975,1147.1591321652975
