,α_STA,α_VOL,β,γ_STA,γ_VOL,nll,aic,bic
0,1.0,1.0,18.54414694107661,0.2324889642699501,0.24157772129492108,45.70197697309637,101.40395394619274,991.4039539461927
