,α_STA,α_VOL,β,γ_STA,γ_VOL,nll,aic,bic
0,0.13833411387755998,1.0,0.9452487108102101,20.0,1.0067700217550553,117.46884614324136,244.93769228648273,1134.9376922864826
