,α_STA,α_VOL,β,γ_STA,γ_VOL,nll,aic,bic
0,1.0,0.0,0.10433425570747347,8.166806296304584,10.176349296425224,124.6719657525657,259.3439315051314,1149.3439315051314
