,α_STA,α_VOL,β,γ_STA,γ_VOL,nll,aic,bic
0,1.0,0.0,0.06137079724475036,13.380935716403604,12.858437503137177,124.73941518999457,259.4788303799892,1149.4788303799892
