,α_STA,α_VOL,β,γ_STA,γ_VOL,nll,aic,bic
0,1.0,1.0,3.660592760329239,13.279998630969601,11.277437521017807,72.57034791632807,155.14069583265615,1045.140695832656
