,α_STA,α_VOL,β,γ_STA,γ_VOL,nll,aic,bic
0,0.0,1.0,0.21500504804802062,7.784046298750016,1.7261597751152598,124.53240936961932,259.0648187392386,1149.0648187392387
