,α_STA,α_VOL,β,γ_STA,γ_VOL,nll,aic,bic
0,0.4501028309403934,1.0,1.2823114406955043,20.0,0.7570865387086819,114.5389869461016,239.0779738922032,1129.0779738922033
