,α_STA,α_VOL,β,γ_STA,γ_VOL,nll,aic,bic
0,0.0007520784208664029,0.0,1.9819662637123934,20.0,10.034836488291447,119.67433936033156,249.34867872066312,1139.3486787206632
