,α_STA,α_VOL,β,γ_STA,γ_VOL,nll,aic,bic
0,1.0,0.04764637702179141,0.3427432671991293,14.477443386548165,20.0,123.78758141676117,257.5751628335223,1147.5751628335224
