,α_STA,α_VOL,β,γ_STA,γ_VOL,nll,aic,bic
0,0.0,0.00926240137080332,0.5860183754506801,0.0,20.0,123.68050382186931,257.3610076437386,1147.3610076437385
