,α_STA,α_VOL,β,γ_STA,γ_VOL,nll,aic,bic
0,0.1853065933945987,0.004037612539756063,30.0,0.1093806792493561,0.0,31.33347892842379,72.66695785684757,962.6669578568476
