,α_STA,α_VOL,β,γ_STA,γ_VOL,nll,aic,bic
0,0.03953320071085967,0.0021404464341121514,4.035569095922022,20.0,20.0,82.51172859250197,175.02345718500393,1065.023457185004
