,α_STA,α_VOL,β,γ_STA,γ_VOL,nll,aic,bic
0,1.0,0.0,0.10433431342931368,13.424993277677837,12.783794740873908,124.67196575256565,259.3439315051313,1149.3439315051314
