,α_STA,α_VOL,β,γ_STA,γ_VOL,nll,aic,bic
0,0.0,0.0006327805162599761,7.674544801823145,13.406537051871318,0.0,94.6297819657392,199.2595639314784,1089.2595639314784
