,α_STA,α_VOL,β,γ_STA,γ_VOL,nll,aic,bic
0,0.0,0.00014578177361469557,30.0,0.0,20.0,36.78216003569313,83.56432007138626,973.5643200713863
