,α_STA,α_VOL,β,γ_STA,γ_VOL,nll,aic,bic
0,0.000741359137314823,0.0036722692284583336,4.3934788903011945,20.0,0.0,110.34780855587418,230.69561711174836,1120.6956171117483
