,α_STA,α_VOL,β,γ_STA,γ_VOL,nll,aic,bic
0,0.0,0.33507437041423077,1.88456606541894,0.0,4.674738696745706,112.46228141340559,234.92456282681118,1124.924562826811
