,α_STA,α_VOL,β,γ_STA,γ_VOL,nll,aic,bic
0,0.00025406337916581356,0.0,29.577828041598476,6.796503102077927,20.0,38.05180776526611,86.10361553053222,976.1036155305322
