,α_STA,α_VOL,β,γ_STA,γ_VOL,nll,aic,bic
0,1.0,1.0,18.54414038583182,0.2324889363951611,0.24157767018445647,45.701976973092236,101.40395394618447,991.4039539461845
