,α_STA,α_VOL,β,γ_STA,γ_VOL,nll,aic,bic
0,1.0,0.06010054597307154,2.1615990065309383,0.0,0.6107604659106678,120.49330017140922,250.98660034281843,1140.9866003428185
