,α_STA,α_VOL,β,γ_STA,γ_VOL,nll,aic,bic
0,1.0,0.0,10.977801227196958,0.027929563697755806,8.117915400618651,77.9460041790023,165.8920083580046,1055.8920083580047
