,α_STA,α_VOL,β,γ_STA,γ_VOL,nll,aic,bic
0,1.0,1.0,1.239377259165968,0.03930199752393246,0.46785984329854857,122.25671443253586,254.51342886507172,1144.5134288650718
