,α_STA,α_VOL,β,γ_STA,γ_VOL,nll,aic,bic
0,1.0,0.03322867514375682,5.623481111140563,0.0,0.5014229427637118,103.5638112689726,217.1276225379452,1107.1276225379452
