,α_STA,α_VOL,β,γ_STA,γ_VOL,nll,aic,bic
0,1.0,0.010703118099204706,0.9821603596796027,0.0,7.6075095188855135,123.03362135477367,256.0672427095474,1146.0672427095474
