,α_STA,α_VOL,β,γ_STA,γ_VOL,nll,aic,bic
0,0.0007520707821533874,0.0,1.9819684797754988,20.0,10.03489862565635,119.67433936061732,249.34867872123465,1139.3486787212346
