,α_STA,α_VOL,β,γ_STA,γ_VOL,nll,aic,bic
0,0.44784065884545676,1.0,2.427400716515537,20.0,0.6141822249630948,101.65467697489049,213.30935394978098,1103.3093539497809
