,α_STA,α_VOL,β,γ_STA,γ_VOL,nll,aic,bic
0,0.1882033435184461,0.11400909652364462,2.2500889375238358,20.0,20.0,93.14307209655128,196.28614419310256,1086.2861441931025
