,α_STA,α_VOL,β,γ_STA,γ_VOL,nll,aic,bic
0,0.0,0.3232793806695407,16.94740551125421,0.0,0.23359630697161002,57.91272382304555,125.8254476460911,1015.8254476460911
