,α_STA,α_VOL,β,γ_STA,γ_VOL,nll,aic,bic
0,1.0,1.0,3.6605928822106035,14.65766094340766,17.800197191112705,72.57034791632807,155.14069583265615,1045.140695832656
