,α_STA,α_VOL,β,γ_STA,γ_VOL,nll,aic,bic
0,0.0,0.001838242711689078,7.674545922965637,5.007401970827318,0.0,94.62978196570731,199.25956393141462,1089.2595639314145
