,α_STA,α_VOL,β,γ_STA,γ_VOL,nll,aic,bic
0,0.04184042810582669,0.12025535137036321,3.210968242467361,20.0,20.0,74.2217580127344,158.4435160254688,1048.4435160254689
