,α_STA,α_VOL,β,γ_STA,γ_VOL,nll,aic,bic
0,1.0,0.04953685762652091,30.0,0.0,0.10690318559384963,32.46958054409253,74.93916108818506,964.9391610881851
