,α_STA,α_VOL,β,γ_STA,γ_VOL,nll,aic,bic
0,0.4684416498752775,7.69843194257131e-05,22.916101943139008,0.0,20.0,48.10055126773424,106.20110253546848,996.2011025354685
