,α_STA,α_VOL,β,γ_STA,γ_VOL,nll,aic,bic
0,0.0,1.0,0.05123314066208951,0.6873688095925141,10.991457302704392,124.7549016959717,259.50980339194336,1149.5098033919435
