,α_STA,α_VOL,β,γ_STA,γ_VOL,nll,aic,bic
0,1.0,1.0,0.42225073836486743,6.0892354250098695,0.12155127696068463,123.89592110028005,257.7918422005601,1147.79184220056
