,α_STA,α_VOL,β,γ_STA,γ_VOL,nll,aic,bic
0,0.0,0.0,0.0,0.9842179056680068,13.669202777488305,124.76649250042995,259.53298500085987,1149.53298500086
