,α_STA,α_VOL,β,γ_STA,γ_VOL,nll,aic,bic
0,0.0005400666714319509,0.006873701444722467,0.7967643157048253,20.0,20.0,121.97127542425258,253.94255084850516,1143.942550848505
