,α_STA,α_VOL,β,γ_STA,γ_VOL,nll,aic,bic
0,2.287762453067393e-05,0.0,30.0,20.0,20.0,21.867007610182448,53.734015220364896,943.7340152203649
