,α_STA,α_VOL,β,γ_STA,γ_VOL,nll,aic,bic
0,0.0,0.01024864785238022,2.076094920497894,8.261343340075683,20.0,113.39355749673378,236.78711499346755,1126.7871149934676
