,α_STA,α_VOL,β,γ_STA,γ_VOL,nll,aic,bic
0,0.01815734282769708,1.0,5.688418647423987,0.15286106003841776,0.0,103.42049256590778,216.84098513181556,1106.8409851318156
