,α_STA,α_VOL,β,γ_STA,γ_VOL,nll,aic,bic
0,1.0,1.0,1.9041964075579894,0.5834960928039875,3.977040255411197,105.53626774914852,221.07253549829704,1111.072535498297
