,α_STA,α_VOL,β,γ_STA,γ_VOL,nll,aic,bic
0,0.545528317712372,1.0,4.563404074279288,0.5901416961984007,0.681659888793193,85.20845655397748,180.41691310795497,1070.416913107955
