,α_STA,α_VOL,α_ACT,β,λ0_STA,λ1_STA,λ2_STA,λ0_VOL,λ1_VOL,λ2_VOL,nll,aic,bic
0,0.0,50.0,0.10878852126919539,0.0,-5.708469193994936,-39.88902312068973,40.0,0.7940043656650663,-1.1006378406003001,0.15393495174620542,122.55165627668744,265.10331255337485,2045.103312553375
