,α_STA,α_VOL,α_ACT,β,λ0_STA,λ1_STA,λ2_STA,λ0_VOL,λ1_VOL,λ2_VOL,nll,aic,bic
0,1.1755303810744961,2.485289886253844,0.870920407537579,21.039306651844075,39.10586676700217,-40.0,39.91917382960629,18.74193525416195,-39.86710093452914,18.30487157568649,74.0241407306288,168.0482814612576,1948.0482814612576
